fold,test_start,strategy,total_return,max_drawdown,sharpe,sortino,profit_factor,n_trades
0,2023-01-22 12:15:00+00:00,buy_and_hold,0.0015128033262061802,-0.021293007382565232,0.21511131167489222,0.31281343596423167,inf,1
0,2023-01-22 12:15:00+00:00,random,-0.30074100405685356,-0.30102603196135236,-38.86293839933302,-48.06796011538678,0.15519836895879033,984
0,2023-01-22 12:15:00+00:00,ema_cross,-0.19986776409738471,-0.20119757251059212,-25.161091331953628,-31.518794463216842,0.1580569950324202,437
0,2023-01-22 12:15:00+00:00,rsi_reversion,-0.024709768486532724,-0.03284177016067946,-2.9483109931818676,-4.1160716625261715,0.3988622196418691,21
0,2023-01-22 12:15:00+00:00,vwap_reversion,-0.018662203105068942,-0.025248542617885783,-2.2711483902792122,-3.1830405513437965,0.5228151834860861,23
1,2023-03-15 14:15:00+00:00,buy_and_hold,0.01451863961155686,-0.009070771202834949,2.3494448742200977,3.3905868839074285,inf,1
1,2023-03-15 14:15:00+00:00,random,-0.30095724882028785,-0.30095724882028785,-50.14224530090757,-58.08282712726045,0.12535381135673876,984
1,2023-03-15 14:15:00+00:00,ema_cross,-0.150608917043889,-0.1514052032760118,-24.41897647654104,-31.54487026908999,0.20908402003404897,378
1,2023-03-15 14:15:00+00:00,rsi_reversion,-0.006451109963093282,-0.01607323409410244,-1.0431793371846199,-1.401175536430719,0.7895416599300092,39
1,2023-03-15 14:15:00+00:00,vwap_reversion,-0.01891147985228414,-0.025234619519732715,-3.1376164913865665,-4.287856521774431,0.37846630411438376,19
2,2023-05-06 16:15:00+00:00,buy_and_hold,-0.014663796213455593,-0.019365740133674092,-2.4724815526768973,-3.44434601359443,0.0,1
2,2023-05-06 16:15:00+00:00,random,-0.3149931533235847,-0.3149931533235847,-51.7855629185975,-57.82511506082728,0.07857608200781867,984
2,2023-05-06 16:15:00+00:00,ema_cross,-0.2406009358756538,-0.2414659957439217,-39.71855151512226,-46.57324138223231,0.0690308359531348,468
2,2023-05-06 16:15:00+00:00,rsi_reversion,0.013145443228096632,-0.012149118009958104,2.1759374254681667,3.147024205919613,1.8007817329010298,28
2,2023-05-06 16:15:00+00:00,vwap_reversion,0.00280463181719659,-0.008799949099798754,0.4838690052879568,0.6804652317037132,1.186433272598093,25
3,2023-06-27 18:15:00+00:00,buy_and_hold,-0.0041102985358340005,-0.012217160921173531,-0.7692610117725039,-1.090743034886559,0.0,1
3,2023-06-27 18:15:00+00:00,random,-0.316010495342949,-0.316010495342949,-58.26695151549858,-63.509656104892514,0.04759086396390159,984
3,2023-06-27 18:15:00+00:00,ema_cross,-0.20215402180372533,-0.20327908941252737,-37.6204648139803,-43.94660114232635,0.06671066431579903,404
3,2023-06-27 18:15:00+00:00,rsi_reversion,-0.00313194735101352,-0.009573673200067967,-0.5922045175217429,-0.8496471372837728,0.7467577621793592,21
3,2023-06-27 18:15:00+00:00,vwap_reversion,0.000595552484224271,-0.009928183113284472,0.135934679632352,0.19111811551622224,1.0558919114859682,10
4,2023-08-18 20:15:00+00:00,buy_and_hold,-0.0034935766586784434,-0.014214090347576813,-0.6837001758900925,-0.9613345130230432,0.0,1
4,2023-08-18 20:15:00+00:00,random,-0.3137813966884826,-0.3137813966884826,-58.91199572161252,-63.61903509149907,0.03827703144109766,984
4,2023-08-18 20:15:00+00:00,ema_cross,-0.2655807334461471,-0.2670181980898758,-50.58538417869759,-55.677461761884665,0.05094815734912797,527
4,2023-08-18 20:15:00+00:00,rsi_reversion,-0.008427518244512155,-0.013299909726124381,-1.6619733999588773,-2.326591699769851,0.5939122047937239,24
4,2023-08-18 20:15:00+00:00,vwap_reversion,0.0008922420703436629,-0.009344609599997722,0.19592847397519497,0.277033948574682,1.14486798128113,9
5,2023-10-09 22:15:00+00:00,buy_and_hold,0.020708115546006933,-0.010148814282809115,3.6687901441270867,5.3988409402465525,inf,1
5,2023-10-09 22:15:00+00:00,random,-0.3004710403130787,-0.3005130092820886,-52.955528588332406,-58.91049462258606,0.0689962624682947,984
5,2023-10-09 22:15:00+00:00,ema_cross,-0.20314655226953748,-0.20314655226953748,-36.20065377270844,-43.13782837992475,0.120544776560766,436
5,2023-10-09 22:15:00+00:00,rsi_reversion,-0.024137743910567444,-0.02807836859889723,-4.560711630097919,-6.129953820219968,0.22608537998271297,20
5,2023-10-09 22:15:00+00:00,vwap_reversion,-0.0033208766915010512,-0.012845629475589981,-0.5914491609264876,-0.8279126499145099,0.818668731416726,14
6,2023-12-01 00:15:00+00:00,buy_and_hold,-0.0015459978511301875,-0.01654594035751289,-0.22683497767520416,-0.33363940303006356,0.0,1
6,2023-12-01 00:15:00+00:00,random,-0.32592909126246505,-0.32592909126246505,-53.180276161981226,-58.08385397660405,0.07265632739360817,984
6,2023-12-01 00:15:00+00:00,ema_cross,-0.23163592686870427,-0.23196524310200684,-37.10972510976639,-46.052351700978974,0.11423422867625355,490
6,2023-12-01 00:15:00+00:00,rsi_reversion,-0.004735005420180127,-0.0116943830352354,-0.7363296569297867,-0.9884587590726859,0.6665802133975675,19
6,2023-12-01 00:15:00+00:00,vwap_reversion,-0.00566372063001197,-0.017556450305788895,-0.8958235237029487,-1.2079251948063499,0.752504741235439,18
7,2024-01-22 02:15:00+00:00,buy_and_hold,0.017951191530749533,-0.007927561434911246,3.2296372774154274,4.685069066614395,inf,1
7,2024-01-22 02:15:00+00:00,random,-0.30152390554041486,-0.3016359775038061,-53.8053895155508,-60.591798264423296,0.07244773963825844,984
7,2024-01-22 02:15:00+00:00,ema_cross,-0.23349945165508434,-0.23359475336959024,-41.73395214761064,-48.349729403931185,0.06174383028114997,477
7,2024-01-22 02:15:00+00:00,rsi_reversion,-0.01692151131687447,-0.02188498987690124,-3.063650303290995,-4.203627111862215,0.2688156475605754,20
7,2024-01-22 02:15:00+00:00,vwap_reversion,1.6215698159349756e-05,-0.018155190617744732,0.021838533314499895,0.030604381647948993,1.0010845703865086,14
8,2024-03-14 04:15:00+00:00,buy_and_hold,0.015183559538224811,-0.05541633931516565,0.8074216715007217,1.1037750209214399,inf,1
8,2024-03-14 04:15:00+00:00,random,-0.3034972052075209,-0.3036101668043085,-17.919014604900948,-25.42704331892487,0.22407789132968936,984
8,2024-03-14 04:15:00+00:00,ema_cross,-0.1811795837425325,-0.18156133263684238,-10.333872244861382,-13.763199967073533,0.2578518475910144,365
8,2024-03-14 04:15:00+00:00,rsi_reversion,0.0006489465209411627,-0.05359564749202261,0.1009698764841583,0.15127904539427636,1.0175553108907824,33
8,2024-03-14 04:15:00+00:00,vwap_reversion,-0.022682009550684556,-0.05085949908298304,-1.0976780708699612,-1.5708444063039715,0.6927328272574758,48
9,2024-05-05 06:15:00+00:00,buy_and_hold,0.001891539386832175,-0.013479830042467777,0.347468835832612,0.4899843573906583,inf,1
9,2024-05-05 06:15:00+00:00,random,-0.31013602174539,-0.31015784826531756,-53.41559538631585,-59.191290013080724,0.0929337787935213,984
9,2024-05-05 06:15:00+00:00,ema_cross,-0.17597556684034144,-0.1763364878929301,-30.393574392626192,-36.652868757215494,0.14590800206723661,369
9,2024-05-05 06:15:00+00:00,rsi_reversion,-0.018351446537708704,-0.02110717981346666,-3.2757097129422936,-4.511261190070142,0.3709106676008866,26
9,2024-05-05 06:15:00+00:00,vwap_reversion,-0.004952244609527479,-0.013786273876297384,-0.8672647343333892,-1.2136039194063393,0.7720292011342791,22
10,2024-06-26 08:15:00+00:00,buy_and_hold,0.021636262012633134,-0.015381163742546722,2.9862263326521137,4.2002974637343815,inf,1
10,2024-06-26 08:15:00+00:00,random,-0.31660041138756356,-0.3178379490456369,-47.57668054237684,-54.323857983895785,0.1106689851701316,984
10,2024-06-26 08:15:00+00:00,ema_cross,-0.18267497593389093,-0.1833534520320379,-26.58479154722001,-33.364699910687285,0.18619025188031157,383
10,2024-06-26 08:15:00+00:00,rsi_reversion,0.0034257958424959156,-0.010094412258939367,0.5087099669064105,0.7207536894003,1.115626418070812,40
10,2024-06-26 08:15:00+00:00,vwap_reversion,0.0022780451530781676,-0.01161145474370695,0.34734556346987244,0.49485714987124524,1.076534408458588,30
11,2024-08-17 10:15:00+00:00,buy_and_hold,0.016845501962609255,-0.005120567312665747,2.872671208195308,4.056625296946879,inf,1
11,2024-08-17 10:15:00+00:00,random,-0.3115027632517047,-0.3119578853605546,-53.002019554834284,-59.87859742339136,0.08843945442693116,984
11,2024-08-17 10:15:00+00:00,ema_cross,-0.19564004681665703,-0.19612384560983465,-33.90205765565725,-40.42371164797534,0.08762067101037262,399
11,2024-08-17 10:15:00+00:00,rsi_reversion,0.024445979825439057,-0.008890632462083325,4.231538134173218,6.12139020973805,2.761898865556482,40
11,2024-08-17 10:15:00+00:00,vwap_reversion,0.009866866796064855,-0.012134838801408199,1.7216185278443434,2.5409954411565345,1.5760064749923017,22
12,2024-10-08 12:15:00+00:00,buy_and_hold,-0.0006570541811359298,-0.022655245645802013,-0.08365734692282076,-0.11430782796317238,0.0,1
12,2024-10-08 12:15:00+00:00,random,-0.2902400867035212,-0.29030737786235095,-46.49598006782749,-53.59169361405626,0.13955657713103303,984
12,2024-10-08 12:15:00+00:00,ema_cross,-0.14572301980862712,-0.14628499778243775,-23.012330335578056,-29.1782227338061,0.22903932778013672,357
12,2024-10-08 12:15:00+00:00,rsi_reversion,-0.028186316700970493,-0.034882541808570866,-4.57894278379459,-6.259567701312284,0.3155699180019819,22
12,2024-10-08 12:15:00+00:00,vwap_reversion,-0.039115477071565485,-0.04453489209827555,-6.350227500566042,-8.658301659371633,0.22901277813480858,20
13,2024-11-29 14:15:00+00:00,buy_and_hold,0.005298116052713464,-0.010158842635439091,1.0528335642857718,1.4694214219418191,inf,1
13,2024-11-29 14:15:00+00:00,random,-0.3106230803477036,-0.3107546735498832,-57.939631661075396,-62.820420415480555,0.057912798561144445,984
13,2024-11-29 14:15:00+00:00,ema_cross,-0.18446627946489413,-0.18446627946489413,-34.60688362437284,-40.87897309618902,0.10552108547419595,412
13,2024-11-29 14:15:00+00:00,rsi_reversion,-0.020793149851585424,-0.02499502397655018,-4.107643892863046,-5.623472661792775,0.09867697136703882,14
13,2024-11-29 14:15:00+00:00,vwap_reversion,0.006578734953843979,-0.010597800308559613,1.307951934992846,1.8326135792231892,1.5250336578678383,20
14,2025-01-20 16:15:00+00:00,buy_and_hold,0.02795624924110718,-0.013204144792812622,4.338497562747308,5.915907004364857,inf,1
14,2025-01-20 16:15:00+00:00,random,-0.32019205209200996,-0.3202920028813745,-53.306336531014075,-58.882262792870414,0.09546944214362432,984
14,2025-01-20 16:15:00+00:00,ema_cross,-0.11004227533164701,-0.11553003120241068,-17.636022184699204,-23.196756352138227,0.3354549537439881,329
14,2025-01-20 16:15:00+00:00,rsi_reversion,-0.0359012554085667,-0.03596431293155611,-5.964199609773464,-8.237740595887601,0.25470598913945536,35
14,2025-01-20 16:15:00+00:00,vwap_reversion,-0.023425979716583556,-0.03033403011376079,-3.827992094670901,-5.407619825628064,0.44267537724861167,27
15,2025-03-13 18:15:00+00:00,buy_and_hold,0.025375549446234213,-0.02408246682649262,2.948747592761191,4.169760451265416,inf,1
15,2025-03-13 18:15:00+00:00,random,-0.31717712841929147,-0.31717712841929147,-42.49451778371325,-49.50108422944213,0.17153504576516002,984
15,2025-03-13 18:15:00+00:00,ema_cross,-0.11717066691088174,-0.12047582531161993,-14.542498233439458,-19.686712927663606,0.4077913929055991,357
15,2025-03-13 18:15:00+00:00,rsi_reversion,-0.02228282130065018,-0.036774259834914,-2.7256889303217338,-3.805770909910506,0.5983641145868369,34
15,2025-03-13 18:15:00+00:00,vwap_reversion,-0.026736285754288436,-0.043178616106396395,-3.2923403153611193,-4.54986363887728,0.568659454711228,38
16,2025-05-04 20:15:00+00:00,buy_and_hold,0.006810947484179319,-0.02288877692861946,0.9400166971476775,1.285827636317448,inf,1
16,2025-05-04 20:15:00+00:00,random,-0.3082305752301461,-0.3082602860298135,-44.14227624877605,-51.8609863689132,0.1781607538730263,984
16,2025-05-04 20:15:00+00:00,ema_cross,-0.11318510008622717,-0.1207938112101361,-15.507672201678519,-20.862501078366993,0.39877636055428983,342
16,2025-05-04 20:15:00+00:00,rsi_reversion,-0.03518718227682849,-0.036648863608250815,-4.857761875917539,-6.647985190941927,0.36809753625981984,28
16,2025-05-04 20:15:00+00:00,vwap_reversion,-0.03058581711011299,-0.038643973796033904,-4.2176954514635625,-5.75530559511252,0.49786868426708397,40
17,2025-06-25 22:15:00+00:00,buy_and_hold,-0.0014104049827422527,-0.01107137468970898,-0.28763074378430636,-0.39885241128553633,0.0,1
17,2025-06-25 22:15:00+00:00,random,-0.3156602688399909,-0.3157374555784632,-61.75077355979787,-65.38833233035618,0.05934097226761742,984
17,2025-06-25 22:15:00+00:00,ema_cross,-0.1418514147114267,-0.14188409442308447,-28.527789702747278,-35.37151366539904,0.19848105194423302,365
17,2025-06-25 22:15:00+00:00,rsi_reversion,-0.00983263843741966,-0.016459417871443227,-2.0943556397375014,-2.9173754457395216,0.644661666530923,41
17,2025-06-25 22:15:00+00:00,vwap_reversion,-0.010114772222625912,-0.016036823020094237,-2.1636103938870885,-3.117974177354734,0.5068871386411115,15
18,2025-08-17 00:15:00+00:00,buy_and_hold,0.05084433920503861,-0.005203848625874419,9.027354545493095,13.089727179567275,inf,1
18,2025-08-17 00:15:00+00:00,random,-0.31754664893634776,-0.31792710625928955,-58.8157484185178,-63.73294309531154,0.07761401159831993,984
18,2025-08-17 00:15:00+00:00,ema_cross,-0.12464663865825965,-0.12588495923590548,-23.227175909367407,-29.076032255880406,0.26451864995947233,344
18,2025-08-17 00:15:00+00:00,rsi_reversion,-0.023213819542534986,-0.025873111064035226,-4.452616282749772,-6.223744150487518,0.4718534087840022,37
18,2025-08-17 00:15:00+00:00,vwap_reversion,-0.013952789122402165,-0.01750363265626287,-2.698760874510789,-3.868506883577513,0.6021289049269397,26
19,2025-10-08 02:15:00+00:00,buy_and_hold,0.015945620905321478,-0.03392887074920725,1.4626169235621413,1.940526209037934,inf,1
19,2025-10-08 02:15:00+00:00,random,-0.32420026811027747,-0.32420026811027747,-33.90192825871525,-40.985521407975426,0.23691367024296714,984
19,2025-10-08 02:15:00+00:00,ema_cross,-0.14028247051585907,-0.14649755393993713,-13.47997883895179,-17.498551228787836,0.4099954644603663,357
19,2025-10-08 02:15:00+00:00,rsi_reversion,-0.05062847822623728,-0.055001417382087525,-4.733818824973799,-6.337283550331344,0.2724104206919111,29
19,2025-10-08 02:15:00+00:00,vwap_reversion,-0.024721473527213655,-0.04299853052929614,-2.264950630971314,-3.324534807534501,0.7073924295695261,57
20,2025-11-29 04:15:00+00:00,buy_and_hold,0.03295939189666841,-0.015890397091943176,4.735828002696461,6.409158844730662,inf,1
20,2025-11-29 04:15:00+00:00,random,-0.2972848764162268,-0.2983792313642587,-46.5519093092235,-53.502607852323436,0.15503499928938674,984
20,2025-11-29 04:15:00+00:00,ema_cross,-0.1364501331874941,-0.14153002760619393,-20.69439471001104,-26.019991397729868,0.2580225015496463,349
20,2025-11-29 04:15:00+00:00,rsi_reversion,-0.01818652736543247,-0.029675187956266114,-2.7203491465232745,-3.866602591918044,0.6486578362940435,39
20,2025-11-29 04:15:00+00:00,vwap_reversion,0.005790581715147791,-0.01881844832721813,0.8847840094913867,1.299845263535791,1.156384460761627,35
21,2026-01-20 06:15:00+00:00,buy_and_hold,0.02112293170754409,-0.05677355686608687,1.3306551145278882,1.7543012824504542,inf,1
21,2026-01-20 06:15:00+00:00,random,-0.30098355785024355,-0.30098355785024355,-22.390093715442397,-29.16761577032995,0.384987106081179,984
21,2026-01-20 06:15:00+00:00,ema_cross,-0.06522242758269647,-0.08390645839657784,-4.283866772629321,-6.290584601957145,0.7321222754402501,315
21,2026-01-20 06:15:00+00:00,rsi_reversion,-0.04845103004051077,-0.06563598359566458,-3.1854601229606243,-4.32676161007996,0.5125352517712586,36
21,2026-01-20 06:15:00+00:00,vwap_reversion,-0.08246550325107538,-0.08384022957099624,-5.493548409613835,-7.357959883758667,0.47510100579146586,68
22,2026-03-13 08:15:00+00:00,buy_and_hold,-0.029257359098070812,-0.0473576492621155,-2.5972684627724285,-3.695346119352095,0.0,1
22,2026-03-13 08:15:00+00:00,random,-0.30227122696173636,-0.3027560690948531,-27.688850416237734,-36.636179495371955,0.31011735003118995,984
22,2026-03-13 08:15:00+00:00,ema_cross,-0.11872212399008297,-0.12875413015864934,-10.165524642324664,-13.717200190274912,0.4544396029403582,323
22,2026-03-13 08:15:00+00:00,rsi_reversion,0.0007206774619634704,-0.025155836428690903,0.10116558919290186,0.14542375490221315,1.014583361822602,44
22,2026-03-13 08:15:00+00:00,vwap_reversion,-0.026828775309056363,-0.04125989484863557,-2.1660925675915133,-3.1143572157788504,0.720120319957678,59
23,2026-05-04 10:15:00+00:00,buy_and_hold,-0.03442140784124359,-0.0422855576135136,-4.0652044652511306,-5.624747646545377,0.0,1
23,2026-05-04 10:15:00+00:00,random,-0.31551294569737165,-0.3155564996469039,-38.70314990477592,-47.4823837544613,0.20190308082365085,984
23,2026-05-04 10:15:00+00:00,ema_cross,-0.1280399564987994,-0.13201396391563713,-14.873656485686134,-19.89798363884056,0.38818305370364226,340
23,2026-05-04 10:15:00+00:00,rsi_reversion,-0.03069056787637292,-0.04089173574100058,-3.4682013834339385,-5.0103419618409815,0.5347328975820553,36
23,2026-05-04 10:15:00+00:00,vwap_reversion,-0.028344050505790253,-0.03229349113338287,-3.1881804659689728,-4.415235621887291,0.6222866556963567,48
24,2026-06-25 12:15:00+00:00,buy_and_hold,0.02313853708276037,-0.014171816640775936,2.8687049349460993,4.400469183219507,inf,1
24,2026-06-25 12:15:00+00:00,random,-0.2994512610714425,-0.2994512610714425,-40.35936799336411,-49.365489576644904,0.19949924175511252,984
24,2026-06-25 12:15:00+00:00,ema_cross,-0.11120649469157595,-0.11134512974685706,-14.223636999964903,-19.81897666640126,0.3877720047376285,335
24,2026-06-25 12:15:00+00:00,rsi_reversion,-0.02907311801248169,-0.03956288179375156,-3.7242958364082828,-4.883191168683975,0.4304108049489729,34
24,2026-06-25 12:15:00+00:00,vwap_reversion,-0.04325310891035383,-0.04626290805440392,-5.485494107493593,-7.055378951202186,0.33009126038196845,38
